package_name,description,url,year_of_release,adjectives,pros,cons,query
musixmatch,"Musixmatch is a music streaming service that offers a wide range of songs, including popular and independent artists. It also has a feature to download songs for offline listening.",https://musixmatch.com/,2013,"['Large music library', 'Offline listening option', 'Free']","['Large music library', 'Easy to use interface', 'Ad-free experience']","['Limited customization options', 'No full-length albums available']",download free music
soundcloud,"SoundCloud is a popular audio hosting platform that allows users to upload, share, and stream their own music. It also has a feature to download songs for offline listening.",https://soundcloud.com/,2007,"['Huge user-generated library', 'Offline listening option', 'Free']","['Huge user-generated library', 'Easy to use interface', 'Community features']","['Audio quality can vary', 'Limited playlist management options']",download free music
noisetrade,NoiseTrade is a music streaming platform that offers a wide range of songs from independent artists. It also has a feature to download songs for offline listening.,https://noisetrade.com/,2011,"['Independent artist focus', 'Offline listening option', 'Free']","['Independent artist focus', 'Easy to use interface', 'Exclusive content']","['Limited song selection', 'No full-length albums available']",download free music
jamendo,Jamendo is a music streaming platform that offers a wide range of songs from independent artists. It also has a feature to download songs for offline listening.,https://jamendo.com/,2007,"['Independent artist focus', 'Offline listening option', 'Free']","['Independent artist focus', 'Easy to use interface', 'Exclusive content']","['Limited song selection', 'No full-length albums available']",download free music
html-video-downloader,A simple Node.js module for downloading videos from HTML5 video elements.,https://www.npmjs.com/package/html-video-downloader,2017,"['Easy to use', 'Fast download speed', 'Works with most modern browsers']","['Easy to use', 'Fast download speed', 'Works with most modern browsers']",['Only supports HTML5 video elements'],download web videos
video-downloader,A Node.js module for downloading videos from various sources.,https://www.npmjs.com/package/video-downloader,2016,"['Supports multiple video sources', 'Flexible configuration options', 'Works with different video formats']","['Supports multiple video sources', 'Flexible configuration options', 'Works with different video formats']",['May have some compatibility issues with certain videos'],download web videos
video-grabber,A Node.js module for downloading videos from YouTube and other video sharing sites.,https://www.npmjs.com/package/video-grabber,2015,"['Easy to use', 'Supports multiple video platforms', 'Fast download speed']","['Easy to use', 'Supports multiple video platforms', 'Fast download speed']",['May have some limitations in terms of video quality'],download web videos
video-downloader-node,A Node.js module for downloading videos from various sources.,https://www.npmjs.com/package/video-downloader-node,2014,"['Supports multiple video sources', 'Flexible configuration options', 'Works with different video formats']","['Supports multiple video sources', 'Flexible configuration options', 'Works with different video formats']",['May have some compatibility issues with certain videos'],download web videos
email-validator,A lightweight library for checking if an email address is valid or not.,https://www.npmjs.com/package/email-validator,2017,"['lightweight', 'easy to use', 'compatible with various email providers']","['fast and efficient', 'supports most common email providers', 'handles invalid emails correctly']",['limited functionality compared to other packages'],check valid email address
email-regex,A simple package for validating email addresses using regular expressions.,https://www.npmjs.com/package/email-regex,2016,"['easy to use', 'flexible', 'supports most common email providers']","['fast and efficient', 'handles invalid emails correctly', 'compatible with various email providers']",['limited functionality compared to other packages'],check valid email address
email-checker,"A package for checking if an email address is valid or not, using a combination of regular expressions and DNS lookups.",https://www.npmjs.com/package/email-checker,2015,"['comprehensive', 'accurate', 'supports most common email providers']","['fast and efficient', 'handles invalid emails correctly', 'compatible with various email providers']",['may be too complex for some users'],check valid email address
email-validator-js,"A lightweight library for checking if an email address is valid or not, using a combination of regular expressions and DNS lookups.",https://www.npmjs.com/package/email-validator-js,2014,"['lightweight', 'easy to use', 'compatible with various email providers']","['fast and efficient', 'handles invalid emails correctly', 'supports most common email providers']",['may lack some advanced features'],check valid email address
twilio,"Twilio provides a cloud communication platform for building voice, messaging, and phone verification applications.",https://www.twilio.com/,2011,"['compatible with Node.js', 'easy to use', 'wide range of features']","['offers a wide range of communication features', 'easy to set up and use', 'compatible with Node.js']",['can be expensive for large-scale applications'],send sms
nexmo,"Nexmo is a cloud communications platform that provides voice, messaging, and phone verification services.",https://www.nexmo.com/,2013,"['compatible with Node.js', 'easy to use', 'wide range of features']","['offers a wide range of communication features', 'easy to set up and use', 'compatible with Node.js']",['can be expensive for large-scale applications'],send sms
messagebird,"MessageBird is a cloud communications platform that provides voice, messaging, and phone verification services.",https://www.messagebird.com/,2015,"['compatible with Node.js', 'easy to use', 'wide range of features']","['offers a wide range of communication features', 'easy to set up and use', 'compatible with Node.js']",['can be expensive for large-scale applications'],send sms
plivo,"Plivo is a cloud communications platform that provides voice, messaging, and phone verification services.",https://www.plivo.com/,2016,"['compatible with Node.js', 'easy to use', 'wide range of features']","['offers a wide range of communication features', 'easy to set up and use', 'compatible with Node.js']",['can be expensive for large-scale applications'],send sms
signalwire,"SignalWire is a cloud communications platform that provides voice, messaging, and phone verification services.",https://www.signalwire.com/,2017,"['compatible with Node.js', 'easy to use', 'wide range of features']","['offers a wide range of communication features', 'easy to set up and use', 'compatible with Node.js']",['can be expensive for large-scale applications'],send sms
quick-sort,A lightweight and efficient implementation of the quick sort algorithm.,https://www.npmjs.com/package/quick-sort,2017,"['Efficient', 'Lightweight', 'Flexible']","['High performance', 'Simple to implement', 'Works well with large datasets']",['May not be as accurate as other algorithms in some cases'],quick sort algorithm
sort-js,A fast and efficient sorting library for JavaScript.,https://www.npmjs.com/package/sort-js,2016,"['Fast', 'Efficient', 'Well-maintained']","['High performance', 'Easy to use', 'Good documentation']",['May not be as flexible as other algorithms in some cases'],quick sort algorithm
javascript-sort,A simple and efficient sorting library for JavaScript.,https://www.npmjs.com/package/javascript-sort,2015,"['Simple', 'Efficient', 'Well-documented']","['High performance', 'Easy to use', 'Good documentation']",['May not be as flexible as other algorithms in some cases'],quick sort algorithm
sortable,A lightweight and efficient sorting library for JavaScript.,https://www.npmjs.com/package/sortable,2014,"['Lightweight', 'Efficient', 'Well-documented']","['High performance', 'Easy to use', 'Good documentation']",['May not be as flexible as other algorithms in some cases'],quick sort algorithm
sort,A simple and efficient sorting library for JavaScript.,https://www.npmjs.com/package/sort,2013,"['Simple', 'Efficient', 'Well-documented']","['High performance', 'Easy to use', 'Good documentation']",['May not be as flexible as other algorithms in some cases'],quick sort algorithm
imagefilter,A lightweight image filtering library for Node.js,https://www.npmjs.com/package/imagefilter,2017,"['Lightweight', 'Easy to use', 'Flexible']","['Effective image filtering', 'Simple API', 'Works well with large images']",['Limited features compared to other packages'],filter adult content images
imagesorter,A package for sorting and filtering images in Node.js,https://www.npmjs.com/package/imagesorter,2016,"['Fast', 'Robust', 'Customizable']","['Fast image sorting', 'Supports multiple image formats', 'Easy to use']",['Limited filtering options'],filter adult content images
picturefilter,A package for filtering and sorting images in Node.js,https://www.npmjs.com/package/picturefilter,2015,"['Easy to use', 'Fast image processing', 'Supports multiple image formats']","['Simple API', 'Effective image filtering', 'Works well with large images']",['Limited features compared to other packages'],filter adult content images
imagecleaner,A package for cleaning and filtering images in Node.js,https://www.npmjs.com/package/imagecleaner,2014,"['Easy to use', 'Fast image processing', 'Supports multiple image formats']","['Simple API', 'Effective image cleaning', 'Works well with large images']",['Limited filtering options'],filter adult content images
picturemixer,A package for mixing and filtering images in Node.js,https://www.npmjs.com/package/picturermixer,2013,"['Fast', 'Robust', 'Customizable']","['Fast image mixing', 'Supports multiple image formats', 'Easy to use']",['Limited filtering options'],filter adult content images
passport,A popular middleware for authentication in Node.js,https://www.npmjs.com/package/passport,2013,"['Easy to use', 'Widely adopted', 'Well-documented']","['Works with multiple authentication strategies', 'Supports session and cookie-based authentication', 'Has a large community of users and contributors']",['May have some performance issues with high traffic sites'],user authentication
jsonwebtoken,A simple and secure token generator for Node.js,https://www.npmjs.com/package/jsonwebtoken,2015,"['Lightweight and easy to use', 'Supports multiple authentication strategies', 'Has a small footprint']","['Generates secure tokens quickly and easily', 'Works with both session and cookie-based authentication']",['May not have as many features as some other packages'],user authentication
auth0,A popular authentication platform for Node.js,https://www.npmjs.com/package/auth0,2016,"['Easy to use and set up', 'Has a wide range of features and integrations', 'Offers good security measures']","['Works with multiple authentication strategies', 'Supports both session and cookie-based authentication', 'Has a user-friendly dashboard for managing users and permissions']",['May have some performance issues with high traffic sites'],user authentication
okta,A comprehensive identity and access management platform for Node.js,https://www.npmjs.com/package/okta,2017,"['Offers a wide range of features and integrations', 'Has good security measures in place', 'Is easy to use and set up']","['Works with multiple authentication strategies', 'Supports both session and cookie-based authentication', 'Has a user-friendly dashboard for managing users and permissions']",['May have some performance issues with high traffic sites'],user authentication
zxing,A popular JavaScript library for barcode scanning and recognition.,https://github.com/zxing/zxing,2011,"['High accuracy', 'Wide range of supported barcodes', 'Easy to use']","['Accurate recognition', 'Supports multiple barcode types', 'Simple API']",['May not work with low-quality images'],extract barcode from image
barcode-reader,A lightweight JavaScript library for reading barcodes from images.,https://github.com/kangax/barcode-reader,2013,"['Fast and efficient', 'Supports multiple barcode types', 'Easy to integrate']","['Fast scanning', 'Supports multiple barcode types', 'Simple integration']",['May not be as accurate as other libraries'],extract barcode from image
barcode-scanner,A JavaScript library for scanning and recognizing barcodes from images.,https://github.com/sct/barcode-scanner,2015,"['High accuracy', 'Wide range of supported barcodes', 'Easy to use']","['Accurate recognition', 'Supports multiple barcode types', 'Simple API']",['May not work with low-quality images'],extract barcode from image
barcode-reader-js,A lightweight JavaScript library for reading barcodes from images.,https://github.com/mikolalysenko/barcode-reader-js,2017,"['Fast and efficient', 'Supports multiple barcode types', 'Easy to integrate']","['Fast scanning', 'Supports multiple barcode types', 'Simple integration']",['May not be as accurate as other libraries'],extract barcode from image
lodash,"A versatile JavaScript library for working with arrays, functions, objects, and more.",https://lodash.com/,2013,"['Easy to use', 'Comprehensive set of utilities', 'Widely adopted']","['Excellent documentation', 'Robust set of functions', 'Cross-browser compatible']",['Steep learning curve for beginners'],convert data formats
bluebird,"A lightweight, synchronous promise library for JavaScript.",https://github.com/js-devel/bluebird,2013,"['Synchronous and easy to use', 'Fast and efficient', 'Well-documented']","['Easy to learn', 'Fast execution', 'Cross-browser compatible']",['Limited features compared to other libraries'],convert data formats
q,"A lightweight, synchronous promise library for JavaScript.",https://github.com/kriskow/q,2015,"['Easy to use', 'Fast and efficient', 'Well-documented']","['Easy to learn', 'Fast execution', 'Cross-browser compatible']",['Limited features compared to other libraries'],convert data formats
when,"A lightweight, synchronous promise library for JavaScript.",https://github.com/cujojs/when,2016,"['Easy to use', 'Fast and efficient', 'Well-documented']","['Easy to learn', 'Fast execution', 'Cross-browser compatible']",['Limited features compared to other libraries'],convert data formats
rxjs,A reactive extension for JavaScript.,https://github.com/Reactive-Extensions/RxJS,2015,"['Comprehensive set of utilities', 'Easy to use', 'Widely adopted']","['Excellent documentation', 'Robust set of functions', 'Cross-browser compatible']",['Steep learning curve for beginners'],convert data formats
javascript-promise,"A lightweight, synchronous promise library for JavaScript.",https://github.com/kriskow/javascript-promise,2014,"['Easy to use', 'Fast and efficient', 'Well-documented']","['Easy to learn', 'Fast execution', 'Cross-browser compatible']",['Limited features compared to other libraries'],convert data formats
promise-polyfill,"A lightweight, synchronous promise library for JavaScript.",https://github.com/douglascunha/promise-polyfill,2014,"['Easy to use', 'Fast and efficient', 'Well-documented']","['Easy to learn', 'Fast execution', 'Cross-browser compatible']",['Limited features compared to other libraries'],convert data formats
async-queue,"A lightweight, synchronous promise library for JavaScript.",https://github.com/kriskow/async-queue,2015,"['Easy to use', 'Fast and efficient', 'Well-documented']","['Easy to learn', 'Fast execution', 'Cross-browser compatible']",['Limited features compared to other libraries'],convert data formats
tesseract.js,"Tesseract.js is a JavaScript implementation of the Tesseract OCR engine, allowing you to perform text recognition on images in the browser.",https://github.com/google-research/tesseract.js,2016,"['High accuracy', 'Fast processing time', 'Browser-based']","['Accurate text recognition', 'Easy to use', 'Works in the browser']",['Limited customization options'],convert typewritten image to text
opticalcharacterrecognition.js,A simple JavaScript library for extracting text from images using the Google Cloud Vision API.,https://github.com/google-research/optical-character-recognition,2017,"['Easy integration', 'Fast processing time', 'Cloud-based']","['Easy to use', 'Fast processing time', 'Cloud-based']",['Limited customization options'],convert typewritten image to text
imagetotext.js,A lightweight JavaScript library for converting images to text using a variety of OCR engines.,https://github.com/mikaelkjellman/image-to-text,2015,"['Multiple OCR engines available', 'Easy integration', 'Fast processing time']","['Multiple OCR engines available', 'Easy integration', 'Fast processing time']",['Limited customization options'],convert typewritten image to text
ocr.js,A JavaScript library for text recognition in images using the Tesseract OCR engine.,https://github.com/tesseract-ocr/tesseract.js,2013,"['High accuracy', 'Fast processing time', 'Tesseract OCR engine']","['High accuracy', 'Fast processing time', 'Tesseract OCR engine']",['Limited customization options'],convert typewritten image to text
textrecognition.js,A simple JavaScript library for text recognition in images using the Google Cloud Vision API.,https://github.com/google-research/text-recognition,2018,"['Easy integration', 'Fast processing time', 'Cloud-based']","['Easy integration', 'Fast processing time', 'Cloud-based']",['Limited customization options'],convert typewritten image to text
text-analysis,A package for text analysis and sentiment analysis.,https://www.npmjs.com/package/text-analysis,2017,"['Provides a comprehensive set of tools for text analysis', 'Offers accurate sentiment analysis capabilities', 'Has a user-friendly API for easy integration']","['Easy to use and integrate', 'Accurate sentiment analysis results', 'Comprehensive set of text analysis tools']","['May not be as accurate in certain contexts', 'Lacks some advanced features compared to other packages', 'Has a relatively small community of users']",sentiment analysis
sentiment-analysis,A package for sentiment analysis and opinion mining.,https://www.npmjs.com/package/sentiment-analysis,2016,"['Offers a simple and efficient sentiment analysis algorithm', 'Provides accurate results for short texts', 'Has a user-friendly API for easy integration']","['Easy to use and integrate', 'Accurate sentiment analysis results', 'Simple and efficient algorithm']","['May not be as accurate in certain contexts', 'Lacks some advanced features compared to other packages', 'Has a relatively small community of users']",sentiment analysis
opinion-mining,A package for opinion mining and sentiment analysis.,https://www.npmjs.com/package/opinion-mining,2015,"['Offers a comprehensive set of tools for opinion mining', 'Provides accurate sentiment analysis results', 'Has a user-friendly API for easy integration']","['Comprehensive set of opinion mining tools', 'Accurate sentiment analysis results', 'User-friendly API for easy integration']","['May be less accurate in certain contexts', 'Lacks some advanced features compared to other packages', 'Has a relatively small community of users']",sentiment analysis
sentiment-analysis-node,A package for sentiment analysis and opinion mining in Node.js.,https://www.npmjs.com/package/sentiment-analysis-node,2018,"['Provides a simple and efficient sentiment analysis algorithm', 'Offers accurate results for short texts', 'Has a user-friendly API for easy integration']","['Easy to use and integrate', 'Accurate sentiment analysis results', 'Simple and efficient algorithm']","['May not be as accurate in certain contexts', 'Lacks some advanced features compared to other packages', 'Has a relatively small community of users']",sentiment analysis
passport,A popular middleware for handling OAuth and other authentication strategies in Node.js,https://www.npmjs.com/package/passport,2013,"['Easy to use', 'Widely adopted', 'Well-documented']","['Supports multiple authentication strategies', 'Middleware-based approach', 'Good for handling complex authentication scenarios']",['May have some performance overhead'],third party authentication
okta,"A Node.js package for authenticating with Okta, a popular identity and access management platform",https://www.npmjs.com/package/okta,2017,"['Easy to use', 'Integrates well with Okta', 'Good for handling authentication with Okta']","['Easy integration with Okta', 'Supports multiple authentication methods', 'Well-documented']",['May have some performance overhead'],third party authentication
auth0,"A Node.js package for authenticating with Auth0, a popular identity and access management platform",https://www.npmjs.com/package/auth0,2015,"['Easy to use', 'Integrates well with Auth0', 'Good for handling authentication with Auth0']","['Easy integration with Auth0', 'Supports multiple authentication methods', 'Well-documented']",['May have some performance overhead'],third party authentication
jsonwebtoken,A Node.js package for handling JSON Web Tokens (JWT) for authentication and authorization,https://www.npmjs.com/package/jsonwebtoken,2015,"['Lightweight and flexible', 'Good for handling token-based authentication', 'Well-documented']","['Lightweight and flexible', 'Easy to use', 'Supports multiple authentication methods']",['May not handle complex authentication scenarios as well'],third party authentication
bcrypt,A Node.js package for hashing and verifying passwords securely,https://www.npmjs.com/package/bcrypt,2013,"['Secure password hashing', 'Good for handling password reset functionality', 'Well-documented']","['Secure password hashing', 'Easy to use', 'Supports multiple password hash functions']",['May have some performance overhead'],third party authentication
echarts,A popular JavaScript library for creating interactive and animated charts and graphs.,https://echarts.apache.org/,2016,"['Interactive and animated visualizations', 'Large community and resources', 'Easy to use']","['Wide range of chart types', 'Customizable and extensible', 'Good for data visualization']","['Steep learning curve for some features', 'Not ideal for simple charts']",convert text to speech
react-speech-to-text,A library for converting text to speech in the browser using Google's Text-to-Speech API.,https://github.com/react-speech-to-text/react-speech-to-text,2017,"['Easy to use and integrate', 'Fast and efficient text-to-speech conversion', 'Works in the browser']","['Simple and easy to use', 'Fast speech synthesis', 'Browser-based']","['Limited customization options', ""Dependent on Google's TTS API""]",convert text to speech
talky,A simple and efficient text-to-speech library for JavaScript.,https://talky.js.org/,2015,"['Easy to use and integrate', 'Fast speech synthesis', 'Works in the browser']","['Simple and easy to use', 'Fast speech synthesis', 'Browser-based']","['Limited customization options', ""Dependent on Google's TTS API""]",convert text to speech
speechsynthesis,A JavaScript library for text-to-speech conversion using the Web Audio API.,https://github.com/mikaelkjellman/SpeechSynthesis,2014,"['High-quality speech synthesis', 'Customizable and extensible', 'Works offline']","['High-quality speech synthesis', 'Customizable and extensible', 'Offline capability']","['Steep learning curve', 'Requires additional libraries']",convert text to speech
voiceease,A JavaScript library for text-to-speech conversion using the Google TTS API.,https://voe.se/,2013,"['Easy to use and integrate', 'Fast speech synthesis', 'Works in the browser']","['Easy to use and integrate', 'Fast speech synthesis', 'Browser-based']","[""Dependent on Google's TTS API""]",convert text to speech
wordnet,A comprehensive lexical database for English words.,https://github.com/mcclim/wordnet,1992,"['reliable', 'broad', 'deep']","['accurate word definitions', 'large vocabulary', 'well-maintained']",['limited to English words'],calculate word similarity
linguine,A lightweight and efficient natural language processing library.,https://github.com/kangax/linguine,2015,"['modern', 'fast', 'easy to use']","['fast performance', 'simple API', 'compatible with modern JavaScript']",['limited functionality'],calculate word similarity
nltk,A comprehensive natural language processing toolkit.,https://www.nltk.org/,2000,"['established', 'robust', 'extensive']","['wide range of tools and resources', 'active community', 'well-documented']",['steep learning curve'],calculate word similarity
spacy,A modern natural language processing library with high-performance processing capabilities.,https://spacy.io/,2015,"['modern', 'high-performance', 'easy to use']","['fast performance', 'simple API', 'compatible with modern JavaScript']",['limited functionality'],calculate word similarity
text-to-sign,A library for converting text to sign language video.,https://github.com/kripabo/text-to-sign,2017,"['unique', 'accessible', 'interactive']","['accurate sign language generation', 'compatible with modern JavaScript']",['limited functionality'],calculate word similarity
word-embeddings,A library for learning word embeddings using Word2Vec or GloVe.,https://github.com/kangax/word-embeddings,2015,"['modern', 'efficient', 'customizable']","['accurate word representations', 'compatible with modern JavaScript']",['limited functionality'],calculate word similarity
google-translation-javascript,Translate text between English and Spanish using Google's translation API.,https://github.com/googlemaps/google-translation-javascript,2017,"['Easy to use', 'Fast translation', 'Compatible with Node.js']","['Simple implementation', 'Accurate translations', 'Free for personal use']","['Limited language support', 'Dependent on Google API']",translate english to spanish
i18n,A simple and lightweight JavaScript library for internationalization.,https://github.com/kaizhu256/i18n,2016,"['Flexible and customizable', 'Easy to integrate', 'Supports multiple languages']","['Easy to use', 'Fast implementation', 'Open-source']",['Limited translation functionality'],translate english to spanish
translation-js,A JavaScript library for translating text between English and Spanish.,https://github.com/translation-js/translation-js,2015,"['Easy to use', 'Fast translation', 'Supports multiple languages']","['Simple implementation', 'Accurate translations', 'Free for personal use']",['Limited language support'],translate english to spanish
js-translation,A JavaScript library for translating text between English and Spanish.,https://github.com/js-translation/js-translation,2014,"['Easy to use', 'Fast translation', 'Supports multiple languages']","['Simple implementation', 'Accurate translations', 'Free for personal use']",['Limited language support'],translate english to spanish
translate-js,A JavaScript library for translating text between English and Spanish.,https://github.com/translate-js/translate-js,2013,"['Easy to use', 'Fast translation', 'Supports multiple languages']","['Simple implementation', 'Accurate translations', 'Free for personal use']",['Limited language support'],translate english to spanish
brace,Brace is a lightweight and flexible library for validating forms in JavaScript.,https://github.com/ColinWright/brace,2017,"['Easy to use', 'Flexible validation rules', 'Integration with popular libraries']","['Easy to use', 'Fast performance', 'Customizable validation rules']",['Limited functionality compared to other packages'],credit card validation
joi,Joi is a flexible and powerful validation library for Node.js.,https://github.com/hapijs/joi,2016,"['Robust validation rules', 'Easy to use', 'Integration with popular libraries']","['Robust validation rules', 'Fast performance', 'Customizable']",['Steep learning curve'],credit card validation
joyrides,Joyrides is a lightweight and easy-to-use validation library for Node.js.,https://github.com/joyrides/joyrides,2017,"['Easy to use', 'Fast performance', 'Integration with popular libraries']","['Easy to use', 'Fast performance', 'Customizable']",['Limited functionality compared to other packages'],credit card validation
json-validation,Json-validation is a simple and lightweight library for validating JSON data in Node.js.,https://github.com/json-validation/json-validation,2016,"['Easy to use', 'Fast performance', 'Integration with popular libraries']","['Easy to use', 'Fast performance', 'Customizable']",['Limited functionality compared to other packages'],credit card validation
normalize-validation,Normalize-validation is a lightweight and flexible library for validating data in Node.js.,https://github.com/normalize-validation/normalize-validation,2017,"['Easy to use', 'Fast performance', 'Integration with popular libraries']","['Easy to use', 'Fast performance', 'Customizable']",['Limited functionality compared to other packages'],credit card validation
fitbit,"Fitbit is a popular fitness tracking app that allows users to track their daily activity, sleep, and nutrition. It also includes social features like friends leaderboards and challenges.",https://www.fitbit.com/,2010,"['popular', 'social', 'compatible']","['accurate tracking', 'easy to use', 'social features']","['limited nutrition tracking', 'no GPS running']",health tracker
strava,"Strava is a fitness tracking app that allows users to track their runs, rides, and other workouts. It also includes social features like leaderboards and challenges.",https://www.strava.com/,2009,"['social', 'compatible', 'gps tracking']","['accurate tracking', 'competitive community', 'GPS tracking']",['limited nutrition tracking'],health tracker
myfitnesspal,MyFitnessPal is a nutrition and fitness tracking app that allows users to track their daily food intake and exercise. It also includes a database of foods and their nutritional information.,https://www.myfitnesspal.com/,2008,"['nutrition tracking', 'database of foods', 'compatible']","['accurate nutrition tracking', 'large database of foods', 'easy to use']",['limited exercise tracking'],health tracker
runkeeper,"Runkeeper is a running and fitness tracking app that allows users to track their runs, rides, and other workouts. It also includes social features like leaderboards and challenges.",https://www.runkeeper.com/,2007,"['running tracking', 'social', 'compatible']","['accurate running tracking', 'social features', 'easy to use']",['limited nutrition tracking'],health tracker
lark,"Lark is a fitness and nutrition tracking app that allows users to track their daily activity, sleep, and nutrition. It also includes social features like friends leaderboards and challenges.",https://www.lark.com/,2017,"['compatible', 'social', 'nutrition tracking']","['accurate tracking', 'easy to use', 'social features']",['limited exercise tracking'],health tracker
google authenticator,A simple and secure way to generate time-based one-time passwords for use with Google's Authenticator app.,https://github.com/google/google-authenticator,2010,"['Easy to use', 'Secure', 'Compatible with Google Authenticator app']","['Easy to use', 'Secure', 'Works well with Google Authenticator app']",['May not be as convenient as other methods'],captcha authentication
freeoauth,A simple and lightweight OAuth 2.0 server implementation in JavaScript.,https://github.com/katzer/free-oauth,2013,"['Lightweight', 'Easy to use', 'Customizable']","['Lightweight', 'Easy to use', 'Customizable']",['May not be as secure as other methods'],captcha authentication
passport.js,A simple authentication strategy for Node.js applications.,https://github.com/jaredrumsey/passport.js,2013,"['Easy to use', 'Flexible', 'Well-documented']","['Easy to use', 'Flexible', 'Well-documented']",['May not be as secure as other methods'],captcha authentication
json web token (jwt),"A compact, URL-safe means of representing claims to be transferred between two parties.",https://github.com/auth0/node-jsonwebtoken,2015,"['Secure', 'Compact', 'Well-documented']","['Secure', 'Compact', 'Well-documented']",['May not be as convenient as other methods'],captcha authentication
verify.js,A simple and secure way to verify user credentials using JSON Web Tokens (JWT).,https://github.com/auth0/verify.js,2016,"['Easy to use', 'Secure', 'Well-documented']","['Easy to use', 'Secure', 'Well-documented']",['May not be as flexible as other methods'],captcha authentication
natural-language,A library for natural language processing in JavaScript.,https://www.npmjs.com/package/natural-language,2017,"['Accurate', 'Fast', 'Easy to use']","['High accuracy in text classification', 'Fast processing time', 'Simple API']",['Limited functionality compared to other packages'],detect text language
text-classifier,A simple text classifier for Node.js.,https://www.npmjs.com/package/text-classifier,2016,"['Fast', 'Easy to use', 'Customizable']","['Fast processing time', 'Simple API', 'Customizable classification rules']",['Limited functionality compared to other packages'],detect text language
language-detection,A library for detecting the language of text in JavaScript.,https://www.npmjs.com/package/language-detection,2015,"['Accurate', 'Fast', 'Easy to use']","['High accuracy in language detection', 'Fast processing time', 'Simple API']",['Limited functionality compared to other packages'],detect text language
js-text-classifier,A simple text classifier for Node.js.,https://www.npmjs.com/package/js-text-classifier,2014,"['Fast', 'Easy to use', 'Customizable']","['Fast processing time', 'Simple API', 'Customizable classification rules']",['Limited functionality compared to other packages'],detect text language
text-analysis,A library for text analysis in JavaScript.,https://www.npmjs.com/package/text-analysis,2013,"['Accurate', 'Fast', 'Easy to use']","['High accuracy in text analysis', 'Fast processing time', 'Simple API']",['Limited functionality compared to other packages'],detect text language
agg-resample,A lightweight and efficient resampling library for aggregating data.,https://github.com/dflorence/agg-resample,2017,"['Efficient: has a small footprint and fast execution time.', 'Flexible: supports various sampling methods and can be easily extended.', 'Accurate: provides high-quality resampling results.']",['Easy to use and integrate into existing projects.'],['Limited documentation and support compared to other libraries.'],rank aggregation algorithms
crossfilter,"A lightweight, efficient, and modular data aggregation library.",https://github.com/crossfilter/crossfilter,2013,"['Modular: provides a flexible and extensible architecture.', 'Efficient: has a small footprint and fast execution time.', 'Widely adopted: has a large user base and community support.']",['High-quality and well-maintained codebase.'],['Steep learning curve for beginners.'],rank aggregation algorithms
resample,A simple and efficient resampling library for JavaScript.,https://github.com/dflorence/resample,2016,"['Easy to use: has a simple and intuitive API.', 'Fast execution time: provides quick resampling results.', 'Customizable: supports various sampling methods and can be easily extended.']",['Simple and easy to use.'],['Limited functionality compared to other libraries.'],rank aggregation algorithms
group-by,A lightweight and efficient library for grouping data in JavaScript.,https://github.com/dflorence/group-by,2016,"['Efficient: has a small footprint and fast execution time.', 'Flexible: supports various grouping methods and can be easily extended.', 'Accurate: provides high-quality grouping results.']",['Easy to use and integrate into existing projects.'],['Limited documentation and support compared to other libraries.'],rank aggregation algorithms
react,A popular JavaScript library for building user interfaces.,https://facebook.github.io/react/,2013,"['Popularity', 'Ease of use', 'Large community']","['Fast development', 'Bright future', 'Strong ecosystem']","['Steep learning curve', 'Not ideal for complex apps', 'Lacks some features']",mobile app framework
angular,A full-featured JavaScript framework for building web applications.,https://angular.io/,2016,"['Robustness', 'Built-in features', 'Good for complex apps']","['Well-documented', 'Large community', 'Good for enterprise apps']","['Steep learning curve', 'Not ideal for small projects', 'Can be slow']",mobile app framework
 vue.js,A progressive and flexible JavaScript framework for building web applications.,https://vuejs.org/,2014,"['Flexibility', 'Ease of use', 'Good for small projects']","['Easy to learn', 'Fast development', 'Growing community']","['Lacks some features', 'Not ideal for complex apps', 'Still developing']",mobile app framework
backbone.js,A lightweight JavaScript framework for building web applications.,https://backbonejs.org/,2010,"['Lightweight', 'Easy to learn', 'Good for small projects']","['Fast development', 'Low maintenance', 'Well-documented']","['Not ideal for complex apps', 'Lacks some features', 'Older framework']",mobile app framework
ember.js,A robust JavaScript framework for building scalable web applications.,https://emberjs.com/,2013,"['Robustness', 'Good for complex apps', 'Large community']","['Well-documented', 'Good for enterprise apps', 'Growing community']","['Steep learning curve', 'Not ideal for small projects', 'Can be slow']",mobile app framework
cheerio,A lightweight and flexible JavaScript library for DOM manipulation.,https://github.com/techempower/cheerio,2017,"['Fast', 'Easy to use', 'Customizable']","['Fast and efficient', 'Easy to use for complex DOM manipulation', 'Allows for customizable behavior']",['Lacks some features of larger libraries'],DOM manipulation utils
mutationobserver,A W3C API for observing DOM mutations in a web page.,https://developer.mozilla.org/en-US/docs/Web/API/MutationObserver,2011,"['Native', 'Flexible', 'Easy to use']","['Native and fast', 'Flexible and customizable', 'Easy to use']",['Limited functionality'],DOM manipulation utils
jsdom,A JavaScript library for simulating a web browser's DOM.,https://github.com/jsdom/jsdom,2013,"['Flexible', 'Easy to use', 'Comprehensive']","['Flexible and customizable', 'Easy to use for testing and development', 'Comprehensive set of features']",['Large and complex'],DOM manipulation utils
stencil,"A lightweight, modular, and extensible JavaScript library for DOM manipulation.",https://github.com/stencilapp/stencil,2017,"['Fast', 'Modular', 'Easy to use']","['Fast and efficient', 'Modular and easy to extend', 'Easy to use for complex DOM manipulation']",['Lacks some features of larger libraries'],DOM manipulation utils
jsdom,A JavaScript library for simulating a web browser's DOM.,https://github.com/jsdom/jsdom,2013,"['Fast', 'Easy to use', 'Comprehensive']","['Fast and efficient', 'Easy to use for testing and development', 'Comprehensive set of features']",['Large and complex'],DOM manipulation utils
three.js,A lightweight and easy-to-use 3D graphics library for the web.,https://github.com/mrdoob/three.js,2010,"['Easy to use', 'Fast rendering', 'Cross-platform compatibility']","['Excellent documentation', 'Active community', 'Wide range of examples and tutorials']",['Limited advanced features'],lightweight 3D graphic library
paper.js,"A lightweight 3D graphics library for the web, with a focus on simplicity and ease of use.",https://paperjs.org,2012,"['Easy to learn', 'Fast rendering', 'Clean design']","['Intuitive API', 'Good for prototyping', 'Works well with limited resources']",['Limited features compared to Three.js'],lightweight 3D graphic library
cesium,"A geospatial 3D mapping engine that allows developers to create rich, immersive experiences for the web and mobile devices.",https://cesium.com,2014,"['Advanced features', 'Cross-platform compatibility', 'Large community']","['Powerful rendering engine', 'Extensive documentation', 'Good for complex projects']","['Steep learning curve', 'Requires more resources']",lightweight 3D graphic library
aframe,A framework for building virtual reality experiences on the web.,https://aframe.io,2015,"['Easy to use', 'Fast rendering', 'Cross-platform compatibility']","['Intuitive API', 'Good for prototyping', 'Works well with limited resources']",['Limited advanced features'],lightweight 3D graphic library
playcanvas,A cloud-based game engine and platform that allows developers to create 3D games and experiences without the need for complex infrastructure.,https://playcanvas.com,2017,"['Easy to use', 'Fast rendering', 'Cross-platform compatibility']","['Intuitive API', 'Good for prototyping', 'Works well with limited resources']",['Limited advanced features'],lightweight 3D graphic library
math-expression-evaluator,A package for evaluating mathematical expressions in JavaScript.,https://www.npmjs.com/package/math-expression-evaluator,2017,"['Easy to use', 'Fast evaluation', 'Supports a wide range of mathematical operations']","['Efficient', 'Accurate', 'Customizable']",['Limited functionality compared to other packages'],mathematical functions
math-ops,A package for performing basic mathematical operations in JavaScript.,https://www.npmjs.com/package/math-ops,2016,"['Simple and lightweight', 'Easy to use', 'Supports common mathematical operations']","['Fast', 'Concise', 'Customizable']",['Limited functionality compared to other packages'],mathematical functions
math-util,A package for performing advanced mathematical operations in JavaScript.,https://www.npmjs.com/package/math-util,2015,"['Powerful and flexible', 'Supports a wide range of mathematical functions', 'Easy to use']","['Fast', 'Accurate', 'Customizable']",['Steep learning curve'],mathematical functions
math-ops-extended,A package for performing advanced and specialized mathematical operations in JavaScript.,https://www.npmjs.com/package/math-ops-extended,2014,"['Comprehensive set of mathematical functions', 'Easy to use', 'Supports a wide range of mathematical operations']","['Fast', 'Accurate', 'Customizable']",['Limited support for certain mathematical operations'],mathematical functions
math-expression-evaluator-plus,A package for evaluating and manipulating mathematical expressions in JavaScript.,https://www.npmjs.com/package/math-expression-evaluator-plus,2013,"['Easy to use', 'Fast evaluation', 'Supports a wide range of mathematical operations']","['Efficient', 'Accurate', 'Customizable']",['Limited support for certain mathematical operations'],mathematical functions
